{"steps": 100000, "beta": 0.5, "grid_size": 64, "avg_links": [[0.0, 0.0, 0.0], [0.00537109375, 0.007080078125, 0.005615234375], [0.010498046875, 0.012939453125, 0.013427734375], [0.01318359375, 0.016845703125, 0.015380859375], [0.015380859375, 0.0185546875, 0.017578125], [0.015380859375, 0.018310546875, 0.01806640625], [0.018798828125, 0.021484375, 0.021240234375], [0.020751953125, 0.02197265625, 0.0223388671875], [0.021728515625, 0.021484375, 0.0218505859375], [0.021728515625, 0.021728515625, 0.0218505859375]], "avg_local_time": [0.0, 0.035888671875, 0.073486328125, 0.090576171875, 0.102294921875, 0.102294921875, 0.121826171875, 0.12841796875, 0.1279296875, 0.12890625], "avg_loop_length": [0.0, 2.0, 2.0130718954248366, 2.0, 2.0093023255813955, 2.009259259259259, 2.047808764940239, 2.0299625468164795, 2.053030303030303, 2.060377358490566]}