{"steps": 100000, "beta": 10, "grid_size": 64, "avg_links": [[0.0, 0.0, 0.0], [0.55908203125, 0.5438232421875, 0.5347900390625], [0.6817626953125, 0.687744140625, 0.66552734375], [0.7420654296875, 0.7440185546875, 0.7236328125], [0.7689208984375, 0.77392578125, 0.757080078125], [0.7943115234375, 0.79638671875, 0.7646484375], [0.81884765625, 0.80908203125, 0.7880859375], [0.8292236328125, 0.806640625, 0.7950439453125], [0.8172607421875, 0.8135986328125, 0.801025390625], [0.81787109375, 0.81298828125, 0.808349609375]], "avg_local_time": [0.0, 3.246826171875, 4.033203125, 4.37646484375, 4.55615234375, 4.665771484375, 4.78759765625, 4.818359375, 4.822998046875, 4.837646484375], "avg_loop_length": [0.0, 3.9412278149549027, 5.153235653235654, 6.175757575757576, 7.171610965076981, 7.935954600729631, 8.65631737818025, 9.297745052922227, 9.412366341236634, 10.36549259826442]}